id,judul,isi_berita,kategori
1,Tim Nasional Memenangkan Kejuaraan,Pertandingan final berjalan dramatis dengan gol di menit akhir.,olahraga
2,Perusahaan Teknologi Meluncurkan Produk Baru,Keamanan siber ditingkatkan untuk menghindari serangan peretas.,teknologi
3,Keamanan Siber Semakin Ditingkatkan,Sebuah perusahaan teknologi besar meluncurkan smartphone dengan fitur AI terbaru.,teknologi
4,Tim Nasional Memenangkan Kejuaraan,Tim nasional berhasil mengalahkan lawan dalam final turnamen dunia.,olahraga
5,Presiden Mengunjungi Daerah Terpencil,Partai politik utama sedang melakukan kampanye di berbagai daerah.,politik
6,Festival Musik Internasional Sukses Digelar,Festival musik internasional sukses digelar dengan ribuan pengunjung.,hiburan
7,Klub Sepak Bola Mendatangkan Pemain Baru,Pertandingan final berjalan dramatis dengan gol di menit akhir.,olahraga
8,Perusahaan Teknologi Meluncurkan Produk Baru,Inovasi di bidang kecerdasan buatan semakin banyak diaplikasikan di industri.,teknologi
9,Perusahaan Teknologi Meluncurkan Produk Baru,Inovasi di bidang kecerdasan buatan semakin banyak diaplikasikan di industri.,teknologi
10,Presiden Mengunjungi Daerah Terpencil,Debat calon presiden berlangsung sengit dengan berbagai argumen kuat.,politik
11,Debat Capres Berlangsung Sengit,Presiden mengunjungi daerah terpencil untuk melihat kondisi masyarakat.,politik
12,Debat Capres Berlangsung Sengit,Pemerintah mengumumkan kebijakan ekonomi baru untuk meningkatkan kesejahteraan.,politik
13,Pertandingan Final Berjalan Dramatis,Olimpiade resmi dibuka dengan partisipasi atlet dari berbagai negara.,olahraga
14,Olimpiade Tahun Ini Resmi Dibuka,Pelatih baru klub optimis membawa tim ke puncak klasemen.,olahraga
15,Klub Sepak Bola Mendatangkan Pemain Baru,Olimpiade resmi dibuka dengan partisipasi atlet dari berbagai negara.,olahraga
16,Konser Musisi Dunia Akan Digelar di Jakarta,Konser musisi dunia akan segera digelar di Jakarta bulan depan.,hiburan
17,Pelatih Baru Siap Membawa Klub ke Puncak,Pelatih baru klub optimis membawa tim ke puncak klasemen.,olahraga
18,Olimpiade Tahun Ini Resmi Dibuka,Pelatih baru klub optimis membawa tim ke puncak klasemen.,olahraga
19,Startup AI Mendapat Pendanaan Besar,Startup kecerdasan buatan mendapat investasi besar dari investor global.,teknologi
20,Olimpiade Tahun Ini Resmi Dibuka,Olimpiade resmi dibuka dengan partisipasi atlet dari berbagai negara.,olahraga
21,Drama Korea Ini Sedang Trending,Aktor populer tampil dalam film yang diantisipasi banyak penonton.,hiburan
22,Pemerintah Mengumumkan Kebijakan Baru,Pemilu nasional akan dilaksanakan bulan depan dengan partisipasi kandidat besar.,politik
23,Olimpiade Tahun Ini Resmi Dibuka,Olimpiade resmi dibuka dengan partisipasi atlet dari berbagai negara.,olahraga
24,Partai Politik Melakukan Kampanye,Pemilu nasional akan dilaksanakan bulan depan dengan partisipasi kandidat besar.,politik
25,Konser Musisi Dunia Akan Digelar di Jakarta,Konser musisi dunia akan segera digelar di Jakarta bulan depan.,hiburan
26,Film Baru Mendapat Penghargaan,Konser musisi dunia akan segera digelar di Jakarta bulan depan.,hiburan
27,Inovasi AI Mulai Mendominasi Pasar,Startup kecerdasan buatan mendapat investasi besar dari investor global.,teknologi
28,Inovasi AI Mulai Mendominasi Pasar,Sebuah perusahaan teknologi besar meluncurkan smartphone dengan fitur AI terbaru.,teknologi
29,Film Baru Mendapat Penghargaan,Festival musik internasional sukses digelar dengan ribuan pengunjung.,hiburan
30,Keamanan Siber Semakin Ditingkatkan,Startup kecerdasan buatan mendapat investasi besar dari investor global.,teknologi
31,Film Baru Mendapat Penghargaan,Festival musik internasional sukses digelar dengan ribuan pengunjung.,hiburan
32,Inovasi AI Mulai Mendominasi Pasar,Sebuah perusahaan teknologi besar meluncurkan smartphone dengan fitur AI terbaru.,teknologi
33,Pemerintah Mengumumkan Kebijakan Baru,Pemerintah mengumumkan kebijakan ekonomi baru untuk meningkatkan kesejahteraan.,politik
34,Pelatih Baru Siap Membawa Klub ke Puncak,Pelatih baru klub optimis membawa tim ke puncak klasemen.,olahraga
35,Konser Musisi Dunia Akan Digelar di Jakarta,Film terbaru dari sutradara terkenal memenangkan penghargaan internasional.,hiburan
36,Film Baru Mendapat Penghargaan,Konser musisi dunia akan segera digelar di Jakarta bulan depan.,hiburan
37,Startup AI Mendapat Pendanaan Besar,Internet of Things berkembang pesat dalam beberapa tahun terakhir.,teknologi
38,Tim Nasional Memenangkan Kejuaraan,Olimpiade resmi dibuka dengan partisipasi atlet dari berbagai negara.,olahraga
39,Konser Musisi Dunia Akan Digelar di Jakarta,Konser musisi dunia akan segera digelar di Jakarta bulan depan.,hiburan
40,Olimpiade Tahun Ini Resmi Dibuka,Pelatih baru klub optimis membawa tim ke puncak klasemen.,olahraga
41,Film Baru Mendapat Penghargaan,Konser musisi dunia akan segera digelar di Jakarta bulan depan.,hiburan
42,Inovasi AI Mulai Mendominasi Pasar,Sebuah perusahaan teknologi besar meluncurkan smartphone dengan fitur AI terbaru.,teknologi
43,Olimpiade Tahun Ini Resmi Dibuka,Tim nasional berhasil mengalahkan lawan dalam final turnamen dunia.,olahraga
44,Pemerintah Mengumumkan Kebijakan Baru,Debat calon presiden berlangsung sengit dengan berbagai argumen kuat.,politik
45,Pemilu Akan Segera Dimulai,Debat calon presiden berlangsung sengit dengan berbagai argumen kuat.,politik
46,Presiden Mengunjungi Daerah Terpencil,Pemerintah mengumumkan kebijakan ekonomi baru untuk meningkatkan kesejahteraan.,politik
47,Pemilu Akan Segera Dimulai,Partai politik utama sedang melakukan kampanye di berbagai daerah.,politik
48,Klub Sepak Bola Mendatangkan Pemain Baru,Pertandingan final berjalan dramatis dengan gol di menit akhir.,olahraga
49,Presiden Mengunjungi Daerah Terpencil,Presiden mengunjungi daerah terpencil untuk melihat kondisi masyarakat.,politik
50,Inovasi AI Mulai Mendominasi Pasar,Inovasi di bidang kecerdasan buatan semakin banyak diaplikasikan di industri.,teknologi
51,Perkembangan IoT di Era Digital,Inovasi di bidang kecerdasan buatan semakin banyak diaplikasikan di industri.,teknologi
52,Pemilu Akan Segera Dimulai,Partai politik utama sedang melakukan kampanye di berbagai daerah.,politik
53,Pertandingan Final Berjalan Dramatis,Olimpiade resmi dibuka dengan partisipasi atlet dari berbagai negara.,olahraga
54,Inovasi AI Mulai Mendominasi Pasar,Internet of Things berkembang pesat dalam beberapa tahun terakhir.,teknologi
55,Olimpiade Tahun Ini Resmi Dibuka,Pelatih baru klub optimis membawa tim ke puncak klasemen.,olahraga
56,Festival Musik Internasional Sukses Digelar,Drama Korea ini sedang trending di berbagai platform streaming.,hiburan
57,Perusahaan Teknologi Meluncurkan Produk Baru,Sebuah perusahaan teknologi besar meluncurkan smartphone dengan fitur AI terbaru.,teknologi
58,Partai Politik Melakukan Kampanye,Presiden mengunjungi daerah terpencil untuk melihat kondisi masyarakat.,politik
59,Pemilu Akan Segera Dimulai,Presiden mengunjungi daerah terpencil untuk melihat kondisi masyarakat.,politik
60,Olimpiade Tahun Ini Resmi Dibuka,Klub sepak bola papan atas merekrut pemain bintang musim ini.,olahraga
61,Startup AI Mendapat Pendanaan Besar,Inovasi di bidang kecerdasan buatan semakin banyak diaplikasikan di industri.,teknologi
62,Inovasi AI Mulai Mendominasi Pasar,Startup kecerdasan buatan mendapat investasi besar dari investor global.,teknologi
63,Inovasi AI Mulai Mendominasi Pasar,Sebuah perusahaan teknologi besar meluncurkan smartphone dengan fitur AI terbaru.,teknologi
64,Perusahaan Teknologi Meluncurkan Produk Baru,Internet of Things berkembang pesat dalam beberapa tahun terakhir.,teknologi
65,Startup AI Mendapat Pendanaan Besar,Internet of Things berkembang pesat dalam beberapa tahun terakhir.,teknologi
66,Presiden Mengunjungi Daerah Terpencil,Pemerintah mengumumkan kebijakan ekonomi baru untuk meningkatkan kesejahteraan.,politik
67,Drama Korea Ini Sedang Trending,Drama Korea ini sedang trending di berbagai platform streaming.,hiburan
68,Klub Sepak Bola Mendatangkan Pemain Baru,Olimpiade resmi dibuka dengan partisipasi atlet dari berbagai negara.,olahraga
69,Pemilu Akan Segera Dimulai,Pemerintah mengumumkan kebijakan ekonomi baru untuk meningkatkan kesejahteraan.,politik
70,Inovasi AI Mulai Mendominasi Pasar,Keamanan siber ditingkatkan untuk menghindari serangan peretas.,teknologi
71,Pelatih Baru Siap Membawa Klub ke Puncak,Tim nasional berhasil mengalahkan lawan dalam final turnamen dunia.,olahraga
72,Pemerintah Mengumumkan Kebijakan Baru,Pemilu nasional akan dilaksanakan bulan depan dengan partisipasi kandidat besar.,politik
73,Perkembangan IoT di Era Digital,Inovasi di bidang kecerdasan buatan semakin banyak diaplikasikan di industri.,teknologi
74,Aktor Terkenal Bermain di Film Baru,Festival musik internasional sukses digelar dengan ribuan pengunjung.,hiburan
75,Perusahaan Teknologi Meluncurkan Produk Baru,Sebuah perusahaan teknologi besar meluncurkan smartphone dengan fitur AI terbaru.,teknologi
76,Aktor Terkenal Bermain di Film Baru,Aktor populer tampil dalam film yang diantisipasi banyak penonton.,hiburan
77,Klub Sepak Bola Mendatangkan Pemain Baru,Pertandingan final berjalan dramatis dengan gol di menit akhir.,olahraga
78,Pelatih Baru Siap Membawa Klub ke Puncak,Pelatih baru klub optimis membawa tim ke puncak klasemen.,olahraga
79,Pelatih Baru Siap Membawa Klub ke Puncak,Tim nasional berhasil mengalahkan lawan dalam final turnamen dunia.,olahraga
80,Festival Musik Internasional Sukses Digelar,Film terbaru dari sutradara terkenal memenangkan penghargaan internasional.,hiburan
81,Film Baru Mendapat Penghargaan,Film terbaru dari sutradara terkenal memenangkan penghargaan internasional.,hiburan
82,Perkembangan IoT di Era Digital,Inovasi di bidang kecerdasan buatan semakin banyak diaplikasikan di industri.,teknologi
83,Presiden Mengunjungi Daerah Terpencil,Pemerintah mengumumkan kebijakan ekonomi baru untuk meningkatkan kesejahteraan.,politik
84,Presiden Mengunjungi Daerah Terpencil,Pemerintah mengumumkan kebijakan ekonomi baru untuk meningkatkan kesejahteraan.,politik
85,Klub Sepak Bola Mendatangkan Pemain Baru,Pertandingan final berjalan dramatis dengan gol di menit akhir.,olahraga
86,Partai Politik Melakukan Kampanye,Partai politik utama sedang melakukan kampanye di berbagai daerah.,politik
87,Pemilu Akan Segera Dimulai,Pemilu nasional akan dilaksanakan bulan depan dengan partisipasi kandidat besar.,politik
88,Konser Musisi Dunia Akan Digelar di Jakarta,Festival musik internasional sukses digelar dengan ribuan pengunjung.,hiburan
89,Klub Sepak Bola Mendatangkan Pemain Baru,Tim nasional berhasil mengalahkan lawan dalam final turnamen dunia.,olahraga
90,Olimpiade Tahun Ini Resmi Dibuka,Olimpiade resmi dibuka dengan partisipasi atlet dari berbagai negara.,olahraga
91,Keamanan Siber Semakin Ditingkatkan,Inovasi di bidang kecerdasan buatan semakin banyak diaplikasikan di industri.,teknologi
92,Konser Musisi Dunia Akan Digelar di Jakarta,Festival musik internasional sukses digelar dengan ribuan pengunjung.,hiburan
93,Olimpiade Tahun Ini Resmi Dibuka,Tim nasional berhasil mengalahkan lawan dalam final turnamen dunia.,olahraga
94,Olimpiade Tahun Ini Resmi Dibuka,Olimpiade resmi dibuka dengan partisipasi atlet dari berbagai negara.,olahraga
95,Konser Musisi Dunia Akan Digelar di Jakarta,Drama Korea ini sedang trending di berbagai platform streaming.,hiburan
96,Drama Korea Ini Sedang Trending,Film terbaru dari sutradara terkenal memenangkan penghargaan internasional.,hiburan
97,Pemerintah Mengumumkan Kebijakan Baru,Pemerintah mengumumkan kebijakan ekonomi baru untuk meningkatkan kesejahteraan.,politik
98,Pertandingan Final Berjalan Dramatis,Pertandingan final berjalan dramatis dengan gol di menit akhir.,olahraga
99,Olimpiade Tahun Ini Resmi Dibuka,Tim nasional berhasil mengalahkan lawan dalam final turnamen dunia.,olahraga
100,Perusahaan Teknologi Meluncurkan Produk Baru,Inovasi di bidang kecerdasan buatan semakin banyak diaplikasikan di industri.,teknologi
